Rate (nm/s),Curvature (/nm),Species
0.00894641746606996,0.0248151756823063,1
0.0104613344626554,0.033752802759409,1
0.0118927362649438,0.0380527302622795,1
0.0112129448009543,0.0283471588045359,1
0.00997102135564458,0.0285225827246904,1
0.0108896257584242,0.0299554225057364,1
0.008050282744691,0.0234360154718161,1
0.00718828839142609,0.019729970023036,1
0.012402249297315,0.0193482581526041,1
0.0159043057194387,0.041573952883482,1
0.0196413727764127,0.0334394015371799,1
0.0150289696981205,0.0318506434559822,1
0.0135399315461002,0.0351678617298603,1
0.0144616374888954,0.0377109572291374,1
0.01261500590741,0.0284525565803051,1
0.0116333325650538,0.0264209304004908,1
0.0101756800604844,0.0173527896404266,1
0.0101449884312483,0.0219386834651232,1
0.0145939971995577,0.0279309656471014,1
0.00850619474468207,0.0162862036377192,1
0.0143205187658528,0.0243471618741751,1
0.0119833274982251,0.0210476741194725,1
0.0118502562638011,0.0179259851574898,1
0.0146154646983351,0.031182361766696,1
0.0139635500804582,0.0262856017798185,1
0.0137526267046858,0.0248398724943399,1
0.0128750007130903,0.0249695368111134,1
0.0157889006721789,0.0298916101455689,1
0.0110691474651772,0.0215022470802069,1
0.00913483088140988,0.0147570101544261,1
0.0124076936389221,0.0265446193516254,1
0.0101577172023575,0.0168233569711447,1
0.0135838579499482,0.0219099000096321,1
0.0131045614255384,0.0189284142106772,1
0.025006164654038,0.0388275794684887,1
0.0210337920809904,0.0435619503259659,1
0.0203874852472369,0.0418675243854523,1
0.0203587851616788,0.0324386581778526,1
0.0197345601752453,0.039833664894104,1
0.0184038965559373,0.0262333564460278,1
0.0160111058061375,0.0234218612313271,1
0.0190180799803208,0.0240236222743988,1
0.013982888210281,0.0253497306257486,1
0.0116873734483866,0.0224475786089897,1
0.0196575030645035,0.037319041788578,1
0.0166296424005603,0.0336450152099132,1
0.00865846610956234,0.0179884247481823,1
0.0129365758206181,0.03313123062253,1
0.0108051766761597,0.0261045712977648,1
0.00790985257620543,0.0134676760062575,1
0.00996594099148781,0.0146649479866028,1
0.0146361613844138,0.0147944781929254,1
0.0115395804733496,0.0192220266908407,1
0.0103808765377676,0.0221498236060143,1
0.0238176781328453,0.0353724025189877,1
0.0228679794828715,0.0353367738425732,1
0.0211929372111157,0.0220533031970262,1
0.0169809057983963,0.0257262792438269,1
0.0163969540877889,0.0225257687270641,1
0.0197615714906323,0.0173188094049692,1
0.0217408619867358,0.0356161557137966,1
0.0149683094803227,0.0233285669237375,1
0.0174929271811038,0.0397725626826286,1
0.01109128049628,0.0185250770300627,1
0.0102150029807576,0.0317939594388008,1
0.0124431696858977,0.0185603089630604,1
0.0112356820453912,0.013956586830318,1
0.013307408934604,0.0157490763813257,1
0.0112623187884716,0.0161232389509678,1
0.0158467135667544,0.0207211747765541,1
0.0120799032508803,0.0235179960727692,1
0.0226417487468705,0.0261196792125702,1
0.0213442576635769,0.0316530056297779,1
0.0149419098941834,0.0205156113952398,1
0.0140056350987889,0.0231163576245308,1
0.0217044134355762,0.0409122332930565,1
0.0147020594307849,0.0375303998589516,1
0.0159500763750897,0.0219961106777191,1
0.0161050742808788,0.0187459047883749,1
0.0107378367512761,0.0158144328743219,1
0.0089806521243574,0.0266526006162167,1
0.00992990913397222,0.0150310909375548,1
0.0110615130978722,0.0254993829876184,1
0.0105333856731021,0.0190038681030273,1
0.0114121654795913,0.0251828134059906,1
0.0203470578025999,0.0210294295102358,1
0.0209560610311937,0.0178635083138943,1
0.0171665575638926,0.0144710252061486,0
0.0166196246333195,0.0210897754877806,0
0.021120936933942,0.0269879177212715,1
0.0196538483458703,0.0256894305348396,1
0.0179335885030782,0.0394465960562229,1
0.0137576891031862,0.0372461937367916,1
0.0215971121429279,0.0234353020787239,1
0.0101976335537728,0.0332541838288307,1
0.0215569190220571,0.0201301537454128,1
0.015919306048292,0.0175196342170238,1
0.0104102113864901,0.0308482497930527,1
0.010061357943292,0.0158935375511646,1
0.00897559174796421,0.0302449353039265,1
0.0112807763980042,0.0184063911437988,1
0.00974279068195764,0.0238985363394022,1
0.0232601903185405,0.0322673320770264,1
0.0231808591764536,0.0132917342707515,1
0.0189220630123061,0.0117696048691869,0
0.0215714755208165,0.0174152944236994,1
0.0237411431286699,0.025820653885603,1
0.0158537293754161,0.016901770606637,1
0.0194392639539969,0.0324031822383404,1
0.0163783727747821,0.0149537930265069,0
0.0163273653869252,0.0414100848138332,1
0.0190586861830094,0.0412279479205608,1
0.0117676347462878,0.0416905917227268,1
0.00898031075018597,0.037181131541729,1
0.00912708880810059,0.0397033579647541,1
0.0222414845893695,0.0292378980666399,1
0.0225709663634772,0.0271834991872311,1
0.0231943973647414,0.015456479974091,1
0.0223830834665869,0.0112092876806855,1
0.0184807394140619,0.0139796426519751,0
0.0203412235266808,0.025142963975668,0
0.0215966564847722,0.0329874232411385,0
0.014802708568179,0.0403669513761997,1
0.0160596713406414,0.03409244120121,1
0.0171522156475088,0.0350652672350407,1
0.022218669725255,0.0297712553292513,1
0.0217977649994742,0.0232261382043362,1
0.0106831135531018,0.0427124872803688,1
0.0229396186423843,0.0204724818468094,1
0.0149196696502085,0.0206865593791008,1
0.0160761101966487,0.0249511022120714,1
0.0133815497004968,0.0237549040466547,1
0.00832587609211636,0.0293903145939112,1
0.00879959727963594,0.0241171270608902,1
0.0104493121798959,0.0253410041332245,1
0.00842526057075114,0.0257034171372652,1
0.0227347490706379,0.0197661239653826,1
0.0218860537733073,0.0260071605443955,1
0.023541319746884,0.00888982135802507,0
0.0205834785466259,0.0166628398001194,0
0.0164667716078961,0.0072921309620142,0
0.0166388536046746,0.0361354798078537,1
0.0131198073144382,0.0394007153809071,1
0.0188876876877798,0.0283535607159138,1
0.0156058360724244,0.0333814360201359,1
0.017412478835466,0.0233036763966083,1
0.0221290233854713,0.0214449875056744,1
0.012588266159005,0.0466439723968506,1
0.021454802707772,0.0253761205822229,1
0.0140756117604707,0.0298179518431425,1
0.0251704948847132,0.0192175060510635,0
0.0228225458960233,0.0261770784854889,0
0.0227441223113702,0.0285650044679642,1
0.0212524292614206,0.0107870129868388,0
0.0211357906747234,0.021260729059577,1
0.0166360959769106,0.00332462158985436,0
0.0179019299565914,0.00556270964443684,0
0.017111886757169,0.0286269076168537,1
0.0166826214455153,0.00471370480954647,0
0.0189555366506241,0.0264077801257372,0
0.0158275434234065,0.0370388701558113,1
0.0178399978706279,0.034144077450037,0
0.0158367836824142,0.0262125451117754,1
0.0138773453587386,0.0384674668312073,1
0.0136342102822921,0.0452522337436676,1
0.0252826677024064,0.0248470641672611,1
0.014257551691063,0.0442397557199001,1
0.0111176484239106,0.0375038124620915,1
0.0236188291810513,0.0305164661258459,1
0.0250981011187899,0.0141140250489116,0
0.0231602127308997,0.0093187065795064,0
0.0161216773547642,0.0239192862063646,1
0.01619616996446,0.0172135327011347,1
0.0174739204578081,0.0109070269390941,1
0.0206062793154309,0.0154528766870499,1
0.0218599323178487,0.030250171199441,0
0.0205504561519261,0.0354415252804756,0
0.0155881097916278,0.0446138270199299,1
0.0267247876871618,0.028764545917511,1
0.0147623322504133,0.038610327988863,1
0.0277328046476144,0.0324567332863808,1
0.0134107359409704,0.0330536514520645,1
0.0193134750763757,0.0330085307359695,1
0.0282134853549163,0.0398452281951904,1
0.0207021000393378,0.0324095748364925,1
0.0164114250017783,0.0275335423648357,1
0.0220588119657461,0.0073534338735044,0
0.0160046198994172,0.0297515392303467,1
0.0156094127164171,-7.03046098351479e-05,0
0.0143583790706247,0.00368023244664073,0
0.0212490890073773,0.0157132409512997,0
0.0115146159256505,0.0363900177180767,1
0.00967976461369469,0.0271198097616434,1
0.0155369229801385,0.0249655470252037,1
0.0151762171214057,0.0265460144728422,1
0.01545808958589,0.0344969108700752,1
0.0212652215141368,0.0234299097210169,1
0.0160146327661751,0.0374729931354523,1
0.0278705542709405,0.0356756336987019,1
0.0109169439173494,0.0253601465374231,1
0.0243857388809672,0.0392239354550838,1
0.0111634994903907,0.025213960558176,1
0.0227272956504866,0.0231872461736202,1
0.0165702408834312,0.0289279650896788,1
0.0219536879736496,0.0096840700134635,0
0.0143709294101416,0.0252208318561316,1
0.014936970066501,0.00495538767427206,0
0.0127812782180317,0.0328065566718578,1
0.010054050747611,0.0343365110456944,1
0.0116285241665458,0.0365414842963219,1
0.0138428298774442,0.0337007828056812,0
0.0115760640347147,0.0324493534862995,1
0.012979029801936,0.0287358071655035,1
0.0102869600714079,0.035557497292757,0
0.0162667810458016,0.0232373420149088,1
0.0100698820492335,0.0315184108912945,1
0.00699842007287208,0.0253849346190691,1
0.0154089317033837,0.0222270172089338,1
0.0160672234087834,0.034647848457098,1
0.0275719352691957,0.0397092737257481,1
0.0155908236194248,0.019366230815649,1
0.0226301870301302,0.0303136464208364,1
0.0258436256861079,0.0294496975839138,1
0.0238121272891272,0.0155019517987967,1
0.0206978066453705,0.020480977371335,1
0.0126704574952924,0.0332290530204773,1
0.014691158775815,0.0325319170951843,1
0.0180090669618828,0.0144665101543069,1
0.0152346863228603,0.0182301569730043,1
0.0170853683457617,0.0123349707573652,0
0.0152005700089827,0.00944803189486265,0
0.0154553812531177,0.0154813826084137,0
0.0104141502679836,0.0361868590116501,1
0.0119783088224438,0.0383982770144939,1
0.0116822567027267,0.0119939642027021,0
0.0131688289003156,0.0236083324998617,1
0.0135005910567915,0.0251166112720966,1
0.0145615041076387,0.0342896282672882,1
0.0196357839794665,0.0242231134325266,1
0.0241993082448723,0.0285049397498369,1
0.0276493979804271,0.0382507666945458,1
0.0122158449729176,0.0185785833746195,1
0.0151063648307698,0.0238808076828718,1
0.0242905497233908,0.0106393322348595,0
0.0123777774112426,0.0303552206605673,1
0.025687615425267,0.0106747671961784,0
0.0131267355738002,0.0416764207184315,1
0.0178418498984953,0.0291167665272951,1
0.0123448532389039,0.0264004599303007,1
0.0121323952025847,0.0287116970866919,1
0.0110917260828367,0.0309956539422274,1
0.0101716182045738,0.0258669126778841,0
0.0109881624684271,0.0309430118650198,1
0.0103014230356675,0.0174611657857895,1
0.00615817340183942,0.03110839612782,1
0.0109121190139337,0.0124540943652391,0
0.0120907307466074,0.0167702324688435,0
0.00938940625465411,0.0237799435853958,1
0.0135432651576065,0.0224302653223276,1
0.0136634857268706,0.0284602250903845,0
0.018320944622993,0.0244544297456741,1
0.0158697398572499,0.0344510935246944,1
0.0149978561829466,0.0304488949477673,1
0.0155622744303813,0.0228918809443712,1
0.0158399947858869,0.0168371926993132,1
0.0135917697840744,0.010509081184864,0
0.0161878010529752,0.00774803385138512,0
0.019771955610753,0.0155961904674768,0
0.0208210519802618,0.0100090894848108,0
0.020163972458512,0.00662609376013279,0
0.0195720614485838,0.00887042563408613,0
0.0102690668943792,0.0391858592629433,1
0.0184134489534706,0.0148441251367331,1
0.0133666963802113,0.0243268962949514,1
0.0188619008205819,0.0239708311855793,1
0.0151524424887702,0.0139055969193578,0
0.0106660294013891,0.0357011295855045,1
0.00864811644749255,0.0328440293669701,1
0.00481037176801559,0.0341058410704136,1
0.00873353278923129,0.0283690374344587,1
0.0119265723142645,0.0254629254341125,1
0.0104883571588824,0.0234506409615278,1
0.0134659774117194,0.0313047170639038,1
0.0242567092382003,0.0298195090144873,1
0.0225459249441086,0.0259025003761053,0
0.0111246332072152,0.027879985049367,1
0.0204991175410327,0.00614332361146808,1
0.00773900965838103,0.0386079959571361,1
0.0130454306285448,0.0230469349771738,1
0.0146658807855096,0.0206666700541973,1
0.0158349154826423,0.0374778434634209,1
0.00968517297828177,0.0278207287192345,1
0.016681376574944,0.0190735179930925,0
0.0128178448376775,0.0158776436001062,0
0.00455119639836426,0.0186204556375742,0
0.00735197003554559,0.0249424930661917,1
0.0109736583597634,0.00210960838012397,0
0.0116749400198369,0.00331326294690371,0
0.0122393558511251,0.0126539040356875,0
0.0131464023783105,0.0206299405544996,0
0.0135083603687677,0.0253320820629597,1
0.0179593521549776,0.01246427744627,1
0.0103649412727505,0.0219306387007237,1
0.0169610534959806,0.0164211597293615,1
0.00797996475566319,0.0315824747085571,1
0.00811931506005635,0.0316048189997673,1
0.0121564527360436,0.0242628809064627,1
0.0144014723916669,0.0409735180437565,1
0.0105238899691997,0.0253433752804995,1
0.0103029992935082,0.0317577905952931,1
0.0104945740279294,0.03409019485116,1
0.00806459329298879,0.035193994641304,1
0.00591569230013838,0.0250023789703846,1
0.000790217027249796,0.032244086265564,1
0.00779005817540302,0.0304915457963944,1
0.0176581217194635,0.0249715764075518,1
0.0177900126508158,0.0194126535207033,1
0.0189362502595397,0.00862015411257744,0
0.0155813166364445,0.0371329672634602,1
0.018879602631583,0.00268569029867649,0
0.010904405102638,0.0219080820679665,1
0.0105314303325758,0.0119303222745657,0
0.0106437191781455,0.0348158217966556,1
-0.00444272833317194,0.024421626701951,1
0.00830680140567566,0.0148481195792556,1
0.00320406262587277,0.0343565419316292,1
0.00813166883874164,0.00611574715003371,0
0.00765900651558056,0.0335507802665234,1
0.00842968037676251,0.0257641803473234,1
0.0148070669478099,0.0250924229621887,1
0.0131652063596627,0.0355077609419823,1
0.0214906709845915,0.0092904306948185,0
0.0164276910529027,0.0171019677072763,1
0.013910046349235,0.0194728784263134,1
0.0120251301175345,0.0203169398009777,1
0.00928735897951203,0.0197760798037052,1
0.0200502147911665,0.00654652854427695,0
0.00725955811597723,0.0256094299256802,1
0.018979195538405,0.0113179618492722,1
0.0160598973260865,0.0214210618287325,1
0.0139125768008806,0.0213941037654877,1
0.0144724341472517,0.0206589177250862,1
0.0164138209890987,0.0287956334650517,1
0.0144795311799087,0.0169221814721823,1
0.0123544376391651,0.00360776949673891,0
0.0139134537823945,0.0281056761741638,1
0.0177134475755692,0.00903974194079638,0
0.0152577361796759,0.0327454507350922,1
0.0185404316848012,0.00867232959717512,0
0.00649015332712866,0.0165883712470531,1
0.0184204658544398,0.0192203167825937,1
0.00995592693344153,0.0393070243299007,1
0.0128383798143588,0.0431088991463184,1
0.0100405452016154,0.0222199894487858,1
0.0117046299142938,0.0394960008561611,1
0.0106871781846858,0.0233091991394758,1
0.00986075166912307,0.0306191276758909,1
0.00822328812237794,0.0344383977353573,1
0.00639368579700991,0.0325897596776485,1
0.00349598213176136,0.013649214990437,1
0.00356271229595006,0.0276715382933617,1
-0.004170911634674,0.0278970580548048,1
0.0100181498088858,-0.00300764734856784,0
0.011546954160728,-0.000992582296021283,0
0.0130162065519896,0.0110543398186564,0
0.0072411427645964,0.0282412450760603,1
0.0122675577406213,0.0269094984978437,1
0.0132269769525548,0.0222542379051447,1
0.0176606685291858,-0.00172249937895685,0
0.0200546931322093,-0.00175382697489113,0
0.0129061156080244,0.0441147573292255,1
0.0134218912581192,0.0440708883106709,1
0.017366783196968,0.0129446601495147,1
0.00667676145178855,0.0158299673348665,1
0.0212815164894275,0.0112530365586281,1
0.0159993444970128,0.0214955452829599,1
0.00632183881823362,0.0224263984709978,1
0.00574260361890748,0.00824838783591986,0
-0.00251617966801861,0.0195692982524633,1
0.00325317033928791,0.0169369969516993,1
0.00290631351885897,0.00345703191123903,0
0.00788056327006923,0.0348353572189808,1
0.00711821439832371,0.0345251448452473,1
0.0127193594705908,0.0167517866939306,0
0.0126891657874899,0.0251421649008989,1
0.0118051011487608,0.0340096242725849,1
0.0106730834941699,0.0401928573846817,1
0.0150937985170638,0.0140061406418681,1
0.0130167083307529,0.021663211286068,1
0.018207585376278,0.000464352458948269,0
0.0121165770724927,0.0416463762521744,1
0.0113023404062656,0.0185411516577005,1
0.0201400018378645,0.0138393780216575,1
0.0209480560864992,0.01646938174963,1
0.00501049052066722,0.0131630999967456,1
0.012371354012459,0.0219550654292107,1
0.00937682984273054,0.0198192745447159,1
0.00874545871223977,0.0325987562537193,1
0.011819319581631,0.0193825978785753,1
0.00863669630744428,0.0317010208964348,1
0.00531064528885185,0.0332901664078236,1
0.0164155096595289,0.0407812334597111,1
0.017049227519133,0.0247605405747891,1
0.0152927999911846,0.0476551540195942,1
0.0192492472828436,0.017688762396574,1
0.00596010489409945,0.0172232091426849,1
0.00739760899289748,0.0256219860166311,1
0.00855184773810917,0.0327574834227562,1
0.00676710685841461,0.0350875668227673,1
0.00841189044348551,0.0226733405143023,1
0.00923912034722562,0.0257351789623499,1
0.00666329862233463,0.00219244742766023,0
0.00107739396855886,0.0148662403225899,1
0.00529813773886209,0.0237080082297325,1
0.00800029568727367,0.0332791060209274,1
0.00663650624506908,-0.00161576922982931,0
0.00843333698955481,-0.00499423127621412,0
0.00968993597352411,0.0332969017326832,1
0.00991698418383963,0.0279019195586443,1
0.0099663394981223,0.0283634569495916,1
0.0168988127967654,0.00791415572166443,0
0.0178604149297699,0.00749741680920124,0
0.0115111050673284,0.0433731228113174,1
0.0179252263904655,0.0190592389553785,1
0.0179897721490849,0.0175749827176333,1
0.00665529698990774,0.0174825210124254,1
0.0145478885539853,0.0228305403143167,1
0.0105406350441071,0.019606351852417,1
0.00588880656663444,0.0346770696341991,1
0.00950832917163881,0.0268819034099579,1
0.00856033227069128,0.00598264578729868,0
0.00832580226497468,0.0325927548110485,1
0.00666842714595371,-0.000411077257012948,0
0.00331905480657576,0.0312135815620422,1
-0.00062917448665553,0.0265283063054085,1
0.00950625512182001,0.0326542668044567,1
0.0118610458838566,0.00275222049094737,0
0.00973227739049559,0.0179638564586639,1
0.0091094981280296,0.0326482132077217,1
0.0102331345169154,0.0294363275170326,1
0.00917040277394863,0.0392594039440155,1
0.0129896395725657,0.0271491408348083,1
0.0182085237727238,0.00239948858506978,0
0.0115322981570996,0.0471435002982616,1
0.0141724270177662,0.0171654354780912,1
0.00534625316942879,0.013366493396461,1
0.010781681913878,0.0203265640884638,1
0.00735493001847873,0.0297540295869112,1
0.00821554144878917,0.0183437876403332,1
0.0107624747676077,0.0200144220143557,1
0.00690756796598074,0.0214575286954641,1
0.00643871126030487,0.00840938743203878,1
0.0102833162921291,0.0275537688285112,1
0.00864072406761389,0.0303397048264742,1
0.00650918603755648,0.0297484919428825,1
0.00555795366153089,0.00691185519099236,1
0.00833130979484372,0.031293123960495,1
0.00758775321834385,-0.00227226666174829,0
0.00882403751029637,-0.00232184980995953,0
0.00938926423609193,0.0313950143754482,1
0.00800843760884997,0.0300602652132511,1
0.009374237447975,0.0222708191722631,1
0.00834883944363738,0.0273207221180201,1
0.0130600887330508,0.0260366071015596,1
0.00800660397906103,0.0383840873837471,1
0.0194425509812844,0.0148835023865104,1
0.020481544183198,0.024782745167613,1
0.0167502082305051,0.0463205985724926,1
0.0092204553061347,0.0164895951747894,1
0.0206770625581647,0.0192990936338901,1
0.00639759422930896,0.011900614015758,1
0.0149996958973408,0.0238891858607531,1
0.0077783300981144,0.0123960319906473,1
0.0109802249695051,0.0238356199115515,1
0.00699413424991595,0.0224503092467785,1
0.00866110918812144,0.0190879888832569,1
0.00624628809828444,0.0381544418632984,1
0.0100152445594311,0.0237932838499546,1
0.00624039970201965,0.0108044808730483,1
0.00816080246461335,0.0211394354701042,1
0.008078122288347,0.0312787443399429,1
-0.00333945697228348,0.0059422180056572,1
0.00586965781133682,-0.00751932570710778,0
0.0100468901922441,0.0262713003903627,1
0.0134726156191251,0.0164811592549086,1
0.0180035603337709,0.00490551441907883,0
0.0207179051767223,0.0279716569930315,1
0.0114843756054884,0.0444459617137909,1
0.0132483041418852,0.0454601384699345,1
0.0187347612023599,0.0359718650579453,1
0.0119395490384139,0.0184602253139019,1
0.0158146504370111,0.0220531541854143,1
0.00641124418393941,0.0306195002049208,1
0.0051861028691031,0.00053710030624643,1
0.0100715939019642,0.00673207314684987,1
0.00743901475225638,0.0233528912067413,1
0.0104174361186469,0.0279545877128839,1
0.00714363276836887,0.0339723192155361,1
0.0122866662541979,0.0276634749025106,1
0.010100538795298,0.0434931851923466,1
0.0169564934960123,0.044298030436039,1
0.0193171991179193,0.0385243408381939,1
0.0106169460375417,0.0243705064058304,1
0.0068034377560362,0.0153393661603332,1
0.0110847438886215,0.0217366442084312,1
0.00608114833829036,0.0352352187037468,1
0.00888437140443753,0.0196393709629774,1
0.00756426881142729,0.0213627312332392,1
0.00589053276720315,0.00588709628209472,1
0.00890498100980382,0.0267482697963715,1
0.0057126769585238,-0.00129529694095254,1
0.00619331070117102,0.00538352457806468,1
-0.00378497009434845,0.0255885776132345,1
0.00911816304336198,0.0334470681846142,1
0.00344122730986296,-0.00684008933603764,0
0.00953267846940758,0.0303824245929718,1
0.00752300639520556,0.020055690780282,1
0.0195477690479561,0.0134518221020698,1
0.0204459872137007,0.0197143238037825,1
0.00724749155747479,0.0172014832496643,1
0.00838651771899642,0.0216456912457943,1
0.00766037204567636,0.0364978350698948,1
0.00796049281874155,0.0301066804677248,1
0.00752541900966731,0.0335759408771992,1
-0.00442886608505029,0.0155109781771898,1
0.00982170933310193,0.0257502682507038,1
0.00816364041955238,0.0166774373501539,1
0.0103242678481916,0.0246335435658693,1
0.0166275915387103,0.0119138518348336,1
0.0185482516591182,0.00907831825315952,1
0.0205821300682289,0.0142723713070154,1
0.00826907271184822,0.0389195494353771,1
0.0189311812611617,0.0374474115669727,1
0.0130002597033464,0.0388261079788208,1
0.0162831083282903,0.0414394848048687,1
0.0160552487087141,0.0195081550627947,1
0.0120065293590661,0.0189256761223078,1
0.0071789283302176,0.0143231991678476,1
0.00685022243215281,0.0116019835695624,1
0.00888741676012728,0.024108923971653,1
0.010731860323174,0.0320379137992859,1
0.00571623593158796,0.0255302246659994,1
0.00801975839726216,0.0223689153790474,1
0.00785050036156836,0.0240122135728598,1
0.00600781556119057,0.0297448690980673,1
-0.0033756352643252,0.00196298817172646,0
0.00896522119864016,0.026892913505435,1
0.00760439902092947,0.0344355925917625,1
0.0126425768877737,0.0201907269656658,1
0.00623596562918096,0.0330289043486118,1
0.00855601387052996,0.0362692177295685,1
0.0186105872435128,0.0195175800472498,1
0.00950496137815213,0.0182133466005325,1
0.0128713796492329,0.0233122184872627,1
0.0101216549335918,0.0248167030513287,1
0.00842620302911399,0.0214711166918278,1
0.00896351993383964,0.0375065021216869,1
0.00404700256992232,0.0141787827014923,1
-0.00254353740321942,0.00591410556808114,1
0.00721338402602132,0.018479498103261,1
-0.00770261862558692,0.0309365224093199,1
-0.00558906444379188,0.0274962224066258,1
-0.00519693437432018,0.0158542431890965,1
0.00905132416592687,0.0269726291298866,1
0.00710901432592853,-0.000794523977674544,0
0.00968387048489769,0.0191894602030516,1
0.00729861640577245,0.022200083360076,1
0.0153595517957042,0.0131782116368413,1
0.0204650994814762,0.0259053222835064,1
0.0150959276141582,0.0215299967676401,1
0.0180240305596654,0.0202028639614582,1
0.0095162909257009,0.0119762914255261,1
0.0092027526974351,0.0250192079693079,1
0.00888729590369267,0.0237801428884268,1
0.00956947699990209,0.0240233354270458,1
-0.00299067942598936,-0.00111596065107733,0
0.00617105162791918,0.0258542932569981,1
-0.00534619515215678,-0.00314980116672814,0
0.00874016136089962,0.0322343185544014,1
0.00851884602009761,0.0265030264854431,1
0.00637174577454598,0.0110356817021966,1
0.00934456056189171,0.0185483172535896,1
0.0102762976945555,0.0231719762086868,1
0.0192147329779059,0.0198603626340628,1
0.0173469196873063,0.0384347550570965,1
0.00474306753156158,0.0129738617688417,1
0.007716057900482,0.0384785272181034,1
0.00882857283819726,0.0227674786001444,1
-0.00531360437991042,0.00048149103531614,1
-0.00287300832248365,0.029439952224493,1
0.00391221997966563,0.0156223829835653,1
0.00570804099293089,0.0293542444705963,1
0.00777340606014221,0.0330836661159992,1
0.00896661044685953,0.0304243937134743,1
-0.00435828888551089,-0.00669482164084911,0
0.00866446859273397,0.0200136322528124,1
0.00732267308226875,0.0293855629861355,1
0.0116076322474767,0.0161938983947039,1
0.0185740707216803,0.0203546285629272,1
0.00853029023441652,0.0301673356443644,1
0.0112999350958759,0.0355783328413963,1
0.0131961897808214,0.0379550121724606,1
0.00913083811796618,0.0233789440244436,1
0.00690258126427131,0.015531119890511,1
0.00648009764303504,0.019282054156065,1
0.00774002801856548,0.0218385048210621,1
0.0103424272304121,0.0264279581606388,1
0.00933349501860463,0.0257781241089106,1
0.00794204226303796,0.0216305591166019,1
0.00607831558792931,0.0227117855101824,1
-0.00598798951406209,0.0323691070079803,1
-0.00575144005434064,0.0177818853408098,1
-0.00799382050869232,0.00476221088320017,0
0.00994579027420488,0.0220971517264843,1
0.00336967813394971,-0.00805514026433229,0
0.00913962428737025,0.0169395674020052,1
0.00728510045833344,0.0145648634061217,1
0.0101037684866841,0.0126604456454515,1
0.00887858561588719,0.0148476585745811,1
0.00624013063502596,0.0284750238060951,1
0.019694370902879,0.0141913201659918,1
0.0171717264825003,0.0260803624987602,1
0.00906203760807462,0.0273224208503962,1
0.0189098583328402,0.0330335423350334,1
0.0137097893820962,0.0186724010854959,1
0.0110328320291869,0.0214663688093424,1
0.00812314155101441,0.0262940339744091,1
0.00845542797789365,0.0266601983457804,1
0.00761880264254632,0.0342765748500824,1
0.00694747647001536,0.0224736388772726,1
0.00464347665172992,0.00689151091501117,0
-0.00341591200455405,0.0321978628635406,1
0.00743705802908646,0.0330442525446415,1
-0.00410586355615468,0.0293248742818832,1
0.00600575843265009,0.00170503149274737,0
0.00548966250689731,0.0141057064756751,1
0.00713288059861872,0.0132927717640996,1
0.0167236613124249,0.0195968188345432,1
0.0171901986508378,0.0187090802937746,1
0.00695224690881132,0.0177577994763851,1
0.00623530485045104,0.0168908387422562,1
0.00536221036898243,0.0151424696668983,1
0.00791427196701152,0.0259098391979933,1
0.0086496410384089,0.0299374982714653,1
0.00920542825950827,0.0255636312067509,1
0.00542659474568349,0.0233960300683975,1
0.00365584988602814,0.0126227736473083,1
-0.0056299232814211,0.0304927825927734,1
0.00468672942011448,0.025400111451745,1
0.00935848200279119,0.0150580443441868,1
0.014294521251552,0.0150029836222529,1
0.0182482324341194,0.0133598819375038,1
0.0068583569046794,0.0271138809621334,1
0.0179647168395476,0.0163032878190279,1
0.0122386656635758,0.0310474373400211,1
0.0129169494110477,0.0356657654047012,1
0.00664381112734863,0.0207167230546474,1
0.00853586548814338,0.037975650280714,1
0.00799380729945739,0.0235675629228354,1
-0.00300891115285314,-0.00586330192163587,0
-0.0032936975280169,0.00470203114673495,1
0.00684051262130964,0.0272715929895639,1
0.00981006052278462,0.0284012071788311,1
-0.00676353708222401,0.0026442154776305,1
0.00227214235312746,-0.00581628317013383,0
0.00947132089938913,0.0126550542190671,1
0.00629882142308358,0.00583516014739871,1
0.0120991876686222,0.018119202926755,1
0.00765674001983191,0.017971919849515,1
0.00751006784738639,0.0180354174226522,1
0.0198833663587177,0.0195183176547289,1
0.0078177225289151,0.025086609646678,1
0.00712273253435214,0.0336815901100636,1
0.00852957923711729,0.0258602499961853,1
0.00796341610737814,0.0391018204391003,1
0.00789528236269352,0.0295090321451426,1
0.00763131483307836,0.0204031728208065,1
-0.00361980634325349,-0.0047085857950151,0
0.00790533084984021,0.0329813845455647,1
-0.00621905994364608,0.0324023850262165,1
0.00687945150820013,0.0353266149759293,1
0.0102307590897226,0.0240487195551395,1
0.00366280664254268,-0.0107473684474826,0
0.0089845614172841,0.0110293002799153,1
0.0109249338778571,0.0110320383682847,1
0.00755977319265393,0.0232062637805939,1
0.00861149905307531,0.0249557495117188,1
0.0155648150267605,0.0262361783534288,1
0.014192799427739,0.0311358347535133,1
0.012566425253381,0.0209059249609709,1
0.00614896689295508,0.0169171001762152,1
0.00773284463862913,0.0252757146954536,1
0.00714369877917324,0.0367388017475605,1
0.00843773550619022,0.0226974356919527,1
0.00565616771030152,0.0210115294903517,1
0.00538858924146927,0.0207452066242695,1
-0.0032085960846379,0.0271430984139442,1
-0.00300291832607737,0.010997804813087,1
0.00928216633766901,0.0190174449235201,1
0.00570446176400098,0.0230116732418537,1
0.00820696802474999,0.0131835462525487,1
0.00724474224802117,0.0241746697574854,1
0.0159817363141523,0.0166854225099087,1
0.0156862474928737,0.0201870072633028,1
0.0108217514462823,0.0183553658425808,1
0.00997393188774875,0.0190277807414532,1
0.0116015745160385,0.0188274476677179,1
0.00541695667588615,0.0189084466546774,1
0.0165795690021198,0.0212159883230925,1
0.0102081368622357,0.0234538782387972,1
0.00685952147659725,0.0204796697944403,1
0.00375194351631743,-0.00371411442756653,0
0.00904396591215562,0.021744990721345,1
0.00426405916319796,0.00716122006997466,0
-0.00589297025491597,-0.00393268745392561,0
0.00980895645849954,0.017848014831543,1
0.010606750201507,0.0143747767433524,1
0.00323201733079518,0.0156586151570082,1
0.00720057972465842,0.0267197508364916,1
0.00963186863041295,0.0204305611550808,1
0.00755498502942003,0.0197449568659067,1
0.00859213343899979,0.0257444027811289,1
0.00627244603802174,0.0257725473493338,1
0.00673201276423898,0.0216636750847101,1
0.00880581212082471,0.0389138944447041,1
0.00613122563209892,0.0186077244579792,1
0.00757821332557329,0.0343763120472431,1
0.00407962383466578,0.0312518067657947,1
0.00903457949993272,0.0377465710043907,1
0.0106066760603743,0.0313147604465485,1
0.00979629421002687,0.0261207539588213,1
0.00957548256392929,0.02339549921453,1
0.00557682484687424,-0.00769822532311082,0
0.0104894477675436,0.0220249220728874,1
0.00164520117406491,0.0112483436241746,1
0.00946767203890052,0.0124423019587994,1
0.00908668490386446,0.0187584068626165,1
0.0151886980939837,0.0192199982702732,1
0.0129716108410722,0.0254196505993605,1
0.0113460124582867,0.0269822310656309,1
0.00844423757986673,0.0205824561417103,1
0.00665840244545843,0.0357977673411369,1
0.011092047083799,0.0359435342252254,1
0.00474953541790362,0.0330509506165981,1
0.0110870771184961,0.021449014544487,1
0.0022104167963929,0.00148234434891492,1
0.0105731650126843,0.0148273510858417,1
0.0100605916505861,0.0148800928145647,1
0.00978955334804787,0.0139036905020475,1
0.0105785133331685,0.0248222220689058,1
0.0097954005615432,0.0264959242194891,1
0.00805542933865076,0.0296039860695601,1
0.00815033906243175,0.0277092140167952,1
0.00821701082681832,0.0182816907763481,1
0.00754601708507895,0.0316651202738285,1
0.00561122747663352,0.0176785364747047,1
0.0110466192989854,0.0235034637153149,1
0.00700966447362561,0.0251788254827261,1
0.00748853552970845,0.0251096989959478,1
0.00966173536901586,0.0310463905334473,1
0.00921666566442022,0.0382535234093666,1
0.00708317041022668,0.0276306178420782,1
0.00716641864220131,0.0196719635277986,1
0.011560969363918,0.0129341604188085,1
0.0134485316039236,0.0168607402592897,1
0.0112711113487753,0.0143645899370313,1
0.0117032991843593,0.0148535324260592,1
0.0124876554987139,0.0207632482051849,1
0.0183481051027286,0.0185340326279402,1
0.0157249346201457,0.0245881173759699,1
0.00460962604693431,0.0168163813650608,1
0.0032840150592547,0.0139858173206449,0
-0.00392979281351273,-0.00252007157541812,0
0.00835829219613662,0.0315486155450344,1
0.00774872280081729,0.0332036688923836,1
0.011729107951402,0.0294440481811762,1
0.00248981821663214,0.0184811931103468,1
0.00404024438889939,0.00615768507122993,1
0.00252710058534122,-0.000856481899973005,1
0.00282355993034572,0.00613932078704238,1
0.0109606724592322,0.0164311937987804,1
0.00702048820440287,0.0243807341903448,1
0.00998596996286674,0.0216643176972866,1
0.00909273061773577,0.0177553929388523,1
0.00842179278715572,0.0216602738946676,1
0.00855309640012888,0.0197925250977278,1
0.0203538705824455,0.0211240462958813,1
0.0087203570792056,0.0270424913614988,1
0.00751821535063681,0.0373856946825981,1
0.00737584358954615,0.0351520404219627,1
0.00900727488980648,0.0208273380994797,1
0.0102356265138879,0.028372123837471,1
0.00554635598046447,0.013448060490191,0
0.00845540375586419,0.0370750389993191,1
0.0109448272560771,0.0210861042141914,1
0.00952168677443077,0.0221143420785666,1
0.0107695726102155,0.0225016511976719,1
0.0124428601989916,0.0214915238320827,1
0.00471835042112536,0.0131971118971705,1
0.0116046048252321,0.0189838353544474,1
0.0133832898097961,0.0191717613488436,1
0.0096285624133164,0.0128961121663451,1
0.0155133342997592,0.0221424084156752,1
0.0111806597777537,0.0280238669365644,1
0.00960454037896439,0.0263770502060652,1
0.00860253377618987,0.0317422896623612,1
0.00667085566640901,0.0209514182060957,1
0.00726959794317722,0.024762662127614,1
0.00598920808730743,-0.000144682708196342,0
0.0106916899975958,0.0358263552188873,1
0.00390793032414719,0.00827206484973431,1
0.00385813621435098,0.00274912756867707,1
0.0107392138300153,0.0175001155585051,1
0.00767814491458353,0.023503115400672,1
0.0135453891505993,0.0190690420567989,1
0.0155690090904452,0.0180143248289823,1
0.00895130377024492,0.01593909971416,1
0.011871977502921,0.0220198035240173,1
0.0160631786293281,0.0163920037448406,1
0.00989892939130224,0.0248798970133066,1
0.0167259726095726,0.016888502985239,1
0.0113658135963184,0.0250086076557636,1
0.00869513750897673,0.0353592224419117,1
0.0122581701986783,0.0313810221850872,1
0.00663778102922832,0.00120962655637413,0
0.0112622442733501,0.0326154939830303,1
0.011623045032386,0.0307378470897675,1
0.0105183737086565,0.0264079384505749,1
0.00463952689785658,0.0167357455939054,1
0.00322487832484172,0.0150292441248894,1
0.00570597904859262,0.0248333737254143,1
0.00805444500151552,0.0264916885644197,1
0.0128350588137415,0.0207380689680576,1
0.0120203765847464,0.0199095997959375,1
0.0140686687822133,0.0192522499710321,1
0.0173837834030503,0.0242746025323868,1
0.013678080018086,0.0274735167622566,1
0.0119372327040568,0.0280563198029995,1
0.00885685439140282,0.0375450551509857,1
0.0118744615348865,0.0202234387397766,1
0.00973194030869284,0.026205288246274,1
-0.00199386507621162,-0.000117563329695258,1
0.0103668201098508,0.0204506553709507,1
-0.00300068570843703,0.00663303444162011,1
0.0106411114829238,0.0251282230019569,1
0.0123414674373392,0.0224691238254309,1
0.0150938593209953,0.0186129193753004,1
0.019087856610848,0.0180559363216162,1
0.00790152226577451,0.0239668786525726,1
0.00724459657760778,0.0151714319363236,1
0.00579402295239068,0.0131814172491431,1
0.0124103004152171,0.0234674625098705,1
0.0126176161002232,0.0259802360087633,1
0.00832122309114241,0.0140280639752746,0
0.0108336544992126,0.0363357439637184,1
0.00919661336671539,0.0351235158741474,1
0.00562782627335559,0.0348243080079556,1
0.004991692431449,0.026366401463747,1
0.00129756933066395,0.0123942960053682,1
0.0106988383462926,0.0232282150536776,1
0.0104652648024172,0.0214195251464844,1
0.010940574335215,0.0231243707239628,1
0.0144116625205424,0.0185873415321112,1
0.0108901027819692,0.0166064277291298,1
0.00982120092693883,0.0183146893978119,1
0.0177363625790945,0.0214503463357687,1
0.0106281022540221,0.0324823595583439,1
0.0184570257243001,0.0204448886215687,1
0.00906756344860497,0.0182671882212162,1
0.0083088011938821,0.0160341169685125,1
0.00697006365115186,0.0282873455435038,1
0.0104709328670576,0.035972598940134,1
0.00896899682398077,0.0399301312863827,1
0.00538257743960877,0.00228428840637207,1
0.0106011799305017,0.0195773392915726,1
0.00230875147635445,0.000375689676729962,1
0.00878298149652928,0.0205593314021826,1
0.00531859481555308,0.0217378735542297,1
0.0106609631301666,0.0272206459194422,1
0.0113368855650092,0.0284067336469889,1
0.00865034321945403,0.021325871348381,1
0.00942992606393589,0.0152593422681093,1
0.00904356669752877,0.0137989409267902,1
0.0136553871801259,0.0198069661855698,1
0.013048666214657,0.0180874634534121,1
0.0160268385388971,0.01419707108289,1
0.0178787229477024,0.026320805773139,1
0.0111233254761267,0.0381965562701225,1
0.0080882545087919,0.0363484732806683,1
0.00773387091962724,0.0177194606512785,1
0.0127682063940437,0.031513124704361,1
0.00763639160635186,0.0349296443164349,1
0.00866367401905537,0.018876226618886,1
0.0073158669059655,0.0343838967382908,1
0.00912627980685629,0.0282184574753046,1
0.0130365547842534,0.0236199963837862,1
0.00992979961549478,0.0259306114166975,1
0.0100261967166883,0.0341229736804962,1
0.0180118346757369,0.0128699047490954,1
0.00878136529988816,0.0407323092222214,1
0.0105692005266241,0.0227026510983705,1
0.0120452098906796,0.0205330271273851,1
0.0133857946871633,0.0258725509047508,1
0.0100669711738493,0.00551284244284034,0
0.0137647556635182,0.0361320003867149,1
0.012254118794237,0.0157203897833824,0
0.00933951239030824,0.0278832279145718,1
0.00952698382537357,0.0231027193367481,1
0.00890653757413838,0.0101838894188404,1
0.00863972831362836,0.0194244980812073,1
0.011692695030547,0.0179031621664762,1
0.0104254104758419,0.0157233625650406,1
0.0105280685388081,0.0135174579918385,1
0.0152305497511687,0.0188624653965235,1
0.0103315400902134,0.0159373078495264,1
0.0168408323140116,0.0111860129982233,1
0.0101559994581531,0.0180317386984825,1
0.00720928277476266,0.0148977665230632,1
0.00823383763370196,0.0284258332103491,1
0.0109963977924487,0.0220561120659113,1
0.0103606946370911,0.00121659226715565,0
0.0096482356355849,0.0293827392160892,1
0.011162219471649,0.0410492457449436,1
0.0117929734531999,0.0369777120649815,1
0.0100506184744937,0.0304463114589453,1
0.00938966964132175,0.0218823757022619,1
-0.00300594719314042,0.0107725206762552,1
0.0105998642858161,0.0240547303110361,1
0.0145152685038613,0.0179567541927099,1
0.0170967247536751,0.0256237927824259,1
0.0194101711838124,0.0148520804941654,1
0.00921024707717186,0.0398422367870808,1
0.0190011527555322,0.0122970556840301,1
0.0105309444360107,0.0453287921845913,1
0.00828529852804764,0.0439511351287365,1
0.00762960455644377,0.015955600887537,1
0.00770120769758467,0.0068608159199357,0
0.0137328797902868,0.0306423101574183,1
0.0129435340599077,0.0363478548824787,1
0.009908285929596,0.0352511331439018,1
0.0102404495160205,0.0162007082253694,1
0.00521359815009088,-0.00206062174402177,1
0.0116673818809328,0.0264792609959841,1
0.0156393006791592,0.0204405281692743,1
0.0107198298194125,0.0152767580002546,1
0.018967438041476,0.022809874266386,1
0.0159844984660331,0.0278599429875612,1
0.00884223864014147,0.021147832274437,1
0.0105803810089137,0.037115752696991,1
0.0127307511657355,0.0255667772144079,1
0.0105118529655704,0.0372688733041286,1
0.0108675077424886,0.0423938445746899,1
0.00952603063149994,0.00132412719540298,1
0.00937081905250728,0.0199373234063387,1
0.00758160792061363,0.0191778130829334,1
0.00758991548549034,0.00482258340343833,1
0.00575141130195195,0.0201537907123566,1
0.00786895045926617,0.0331757105886936,1
0.00905929198492595,0.0295779146254063,1
0.0107044536402059,0.0282196868211031,1
0.0173539965866642,0.0187312997877598,1
0.0132625010936432,0.0176617428660393,1
0.0143024280346348,0.0279992688447237,1
0.0119588675429695,0.0298911184072495,1
0.0161683737353793,0.00627167895436287,1
0.010848703476263,0.0418974794447422,1
0.0162188740624095,0.00718269404023886,1
0.0133522566737346,0.0258531086146832,1
0.0102966226061307,0.046780813485384,1
0.00957489236600636,0.0184907596558332,1
0.0127554165387509,0.0180428270250559,1
0.0141083040737192,0.00678958371281624,0
0.0128104699269712,0.040720671415329,1
0.00819201985446791,0.0337423011660576,1
0.00990696296501983,0.0306919440627098,1
0.00860739540566745,0.0262466035783291,1
0.00646006661052458,0.0295248925685883,1
0.00988660596977434,0.0268502365797758,1
0.00849390941652602,0.0220894198864698,1
0.00896718838440696,0.0177503731101751,1
0.0199188716623189,0.019303172826767,1
0.009413202346889,0.0152194499969482,1
0.0122175177972662,0.0311538726091385,1
0.0108421597414076,0.0366510041058064,1
0.0177611861178629,0.0232531521469355,1
0.0106630491729522,0.043354120105505,1
0.00959804383833061,0.0195537358522415,1
0.00929688436231443,0.0218525230884552,1
0.0110433633072025,0.0284395515918732,1
0.0102178267484479,0.0224134922027588,1
0.01233324265645,0.0295176152139902,1
0.0128720915569127,0.0344667695462704,1
0.0136481204202536,0.0100031225010753,0
0.0119051703415552,0.0234900843352079,0
0.0148655024755456,0.0448715053498745,1
0.00900886486480619,0.0379720814526081,1
0.0116349951589317,0.0400750115513802,1
0.00919583063407156,0.0349642299115658,1
0.01389375335129,0.0258121769875288,1
0.00963452942590805,0.0227214936167002,1
0.00820933834561073,-0.000960672739893198,0
0.00852921612555978,0.0224057640880346,1
0.00827141764150634,0.0397270321846008,1
0.00862070324486753,0.0286961607635021,1
0.00934825309159109,0.016811503097415,1
0.0157295568979203,0.0235236007720232,1
0.0181270107222788,0.0199665762484074,1
0.0212852567183945,0.0175587870180607,1
0.0143134186225232,0.000976708135567605,0
0.0123584644943485,0.0436788164079189,1
0.0150433485424388,0.0197838880121708,0
0.0139050406662574,0.0113635063171387,0
0.0146161816700999,0.0108883269131184,0
0.012736799925868,0.00692979292944074,1
0.0112105870480765,-0.00230658100917935,0
0.00680289797906754,0.0397765897214413,1
0.00706564310716184,0.0253814700990915,1
0.00783109005898144,0.0282812174409628,1
0.0127025607755085,0.019648764282465,1
0.0221615997133185,0.021183755248785,1
0.0213382334158669,0.0197174306958914,1
0.0133828950772003,0.018773989751935,1
0.0178887691615388,0.0229161512106657,1
0.0164378074762688,0.00739495782181621,0
0.015528126393592,-3.40434999088757e-05,0
0.0106776065291486,0.0453562252223492,1
0.0168534952367612,0.00724258366972208,1
0.0120353266035463,0.0453724265098572,1
0.00960449673730115,0.0240794066339731,1
0.011879355098852,0.025391073897481,1
0.0101440979707201,0.0163803193718195,0
0.0139341941121506,0.0418734289705753,1
0.0151082137748847,0.0429175905883312,1
0.012789909364063,0.00755225121974945,1
0.0108132079268359,0.0222871322184801,1
0.00850530811280691,0.0112349214032292,1
0.00761323913506171,0.0215432997792959,1
0.00667330965719415,0.0201696958392859,1
0.00682515615833292,0.0226785819977522,1
0.0084604164615325,0.035647202283144,1
0.00935824344266906,0.0290061887353659,1
0.0127815785481085,0.0260924436151981,1
0.00905582977841496,0.0186423342674971,1
0.00931571683264773,0.0176461469382048,1
0.0180839884829476,0.0237873252481222,1
0.0132789699861565,0.0382971353828907,1
0.0183687114471574,0.0142421219497919,1
0.0158763212173315,0.0225099194794893,1
0.0167174731631358,0.0116737261414528,1
0.0126472901563006,0.0232176817953587,1
0.0101064755343147,0.0235144086182117,1
0.0143010871309459,0.0401751957833767,1
0.00793251494302656,0.0254707988351584,1
0.00792510443543521,0.0302800089120865,1
0.0154669207430372,0.0356434062123299,1
0.0113570797432448,0.0370112992823124,1
0.0145492426044681,0.018430020660162,1
0.0118538672113779,0.0320599228143692,1
0.00721734895925712,0.0262114107608795,1
0.00725505044394738,0.0421626642346382,1
0.00898100389036136,0.0379511453211308,1
0.00970140601669189,0.0287407878786325,1
0.0083066966020631,0.0241200719028711,1
0.0115663976504074,0.0421863012015819,1
0.0173131339279574,0.0130565594881773,1
0.0110052795526104,0.0442184396088123,1
0.013791715744948,0.0360508933663368,1
0.011306052349989,0.025918822735548,1
0.015048104699886,0.0329509936273098,1
0.0172968504648422,0.0203851163387299,0
0.0171668390020636,0.0118200592696667,0
0.0108689238155774,0.0288424249738455,1
0.0126991206559623,0.0342058725655079,1
0.015423042570501,0.0454332120716572,1
0.00757566194070739,0.0335031189024448,1
0.0178691985938969,0.0466967485845089,1
0.00843639669812334,0.0379198342561722,1
0.011408778641916,0.0280556492507458,1
0.0129059325824765,0.00680313492193818,0
0.0104829116207396,0.0261024832725525,1
0.00931474624713881,0.0242573451250792,1
0.00825639494576567,0.033989068120718,1
0.00605220605759744,0.021837642416358,1
0.0067263344385713,0.0236787479370832,1
0.00792478641602179,0.0331041514873505,1
0.0130955575296301,0.0265896413475275,1
0.0167709133493402,0.0242909751832485,1
0.020436319270332,0.0233981814235449,1
0.00807111911742178,0.016096817329526,1
0.0241062693633958,0.0205816775560379,1
0.0138149615305696,0.0213999561965466,1
0.0175960815713524,0.0224377047270536,1
0.0161325289887747,0.0318092070519924,1
0.0127568590816782,0.0424521565437317,1
0.0153651146058282,-0.00103204254992306,0
0.0102189581304535,0.0250744950026274,1
0.007224965779867,0.0250161122530699,1
0.0201713448994461,0.0130702145397663,0
0.00813951792890531,0.0354256331920624,1
0.0164881521599676,0.00337790511548519,0
0.0117022452744033,0.0200119651854038,1
0.00916325083677755,0.0267734173685312,1
0.0104016090697996,0.024432459846139,1
0.0232917796485941,0.0211686920374632,1
0.0142699558777846,-0.00610039522871375,0
0.0124022577582165,0.0416747741401196,1
0.0136953369955189,0.0266271531581879,1
0.00925151931109428,0.0286646038293839,1
0.0184906011449211,0.0443730391561985,1
0.018512350778102,0.0385182164609432,1
0.00652652542337234,0.0260309092700481,1
0.00858998047310246,0.0240064449608326,1
0.00909914507080756,0.0186588075011969,1
0.0213619893725742,0.0220898371189833,1
0.0186366508935411,0.0266100075095892,1
0.0172117960404291,0.00493371346965432,0
0.0140111267421246,-0.00872353278100491,0
0.0136630248694026,0.0262393653392792,1
0.0108690677364129,0.0290264412760735,1
0.0165558473233301,0.021738201379776,1
0.0119878633891629,0.0115293376147747,0
0.0149967784529242,0.0415854752063751,1
0.00748637784105484,0.0312578268349171,1
0.0198674685514286,0.0269884206354618,1
0.0162515954494818,0.00970183592289686,0
0.00997756828866749,0.0376854948699474,1
0.00626665510940296,0.0240917522460222,1
0.0083266733343111,0.0305431820452213,1
0.0221465890775042,0.0198342241346836,1
0.0245724482820746,0.0207217298448086,1
0.01901669821908,0.0333420522511005,1
0.0154917358411601,0.0419457815587521,1
0.0168555257616883,0.00305495341308415,0
0.0120913061130575,-0.00842360034584999,0
0.0133129690385144,0.0312037896364927,1
0.0148872241780968,0.0207560807466507,1
0.0148252799186479,0.0130417142063379,1
0.014000336027077,-0.00086723588174209,1
0.0143053210492372,0.0224256906658411,1
0.0196361011927926,0.013199370354414,0
0.00974214219452741,0.0260122995823622,1
0.00860299333471843,0.0267082136124373,1
0.0175714396249038,0.0115080364048481,0
0.00705447795644818,0.0282876398414373,1
0.0109100343501014,0.0365547239780426,1
0.0113859494565779,0.0355979166924954,1
0.0185200292094405,0.0117558147758246,0
0.00976240873676328,0.0294154435396194,1
0.00796260814500377,0.0438005141913891,1
0.00882036865573552,0.024839149788022,1
0.0129693045419008,0.0234604720026255,1
0.0179793989357665,0.0221913829445839,1
0.0183378635979759,0.0189908761531115,1
0.00896178772066118,0.0190813895314932,1
0.0232344916497735,0.021919384598732,1
0.0123745380855808,0.0204883888363838,1
0.0162298645620139,0.0223428606987,1
0.0163482712584176,0.0388648211956024,1
0.018810105946334,0.0177095588296652,1
0.0160914403765096,-0.00445841578766704,0
0.014446612392286,-0.00562365027144551,0
0.0132564769955524,0.0299883130937815,1
0.014858089798439,0.0182717014104128,0
0.00877212272548868,0.0285449773073196,1
0.0157873027067323,0.00813665892928839,0
0.0181823203356715,0.011585533618927,0
0.0155755481404567,0.00973095465451479,0
0.0121412229230444,0.034249871969223,1
0.00760118958610212,0.00760741950944066,0
0.00669253687207367,0.0171421281993389,0
0.0181034529522395,0.0398558042943478,1
0.0214069262173785,0.0162656772881746,0
0.0109640474498302,0.0381975285708904,1
0.013467529632313,0.0326421335339546,1
0.00968595396258846,0.0296568311750889,1
0.0119169200427147,0.0173502471297979,1
0.00784209433831975,0.0268488433212042,1
0.00839950478227819,0.0447337031364441,1
0.0106846401504676,0.0444346070289612,1
0.0128607041598476,0.0240728203207254,1
0.00842509034764777,0.0227312743663788,1
0.0255434273418916,0.0174147840589285,1
0.0181129838490016,0.0235385950654745,1
0.0141697543878534,0.037182878702879,1
0.0117093349397075,-0.00812534801661968,0
0.0141830505908494,0.0023840747307986,1
0.0115905116078466,-0.00655821245163679,0
0.0169020098169532,0.00887064263224602,0
0.0127385688594196,0.0074128620326519,0
0.00398588388529568,0.0224424097687006,1
0.00643126189131703,0.0294259060174227,1
0.0204080393589527,0.00501565262675285,0
0.0107669933293319,0.0369880758225918,1
0.0108014443173697,0.0330361761152744,1
0.010876192750585,0.043988436460495,1
0.00724262033768039,0.0262620411813259,1
0.0111702251904326,0.0264169741421938,1
0.00967216809668647,0.0311195254325867,1
0.0090789338746163,0.0287797339260578,1
0.011719608936681,0.0222402531653643,1
0.0196377933111123,0.0407744273543358,1
0.0182949837256872,0.0390692092478275,1
0.0156770778490927,-0.00085653190035373,0
0.0165011290045547,0.0224438365548849,0
0.0160713890276975,0.0137102752923966,1
0.0134607638657103,0.0293078888207674,1
0.014708308314398,0.00540661625564098,0
0.0120273508975311,0.00468367850407958,0
0.0111134623414927,0.0299436058849096,1
0.0132142536148382,0.0360931567847729,1
0.0154677890164591,0.0422661043703556,1
0.0194528659000125,0.0301218386739492,1
0.010422073036326,0.039411935955286,1
0.0137424239122995,0.00289796222932637,0
0.00937597304679311,0.0273850727826357,1
0.0105521292854675,0.0388356000185013,1
0.0154041096259757,0.021405927836895,1
0.0221828489361161,0.0146042136475444,1
0.0197269986631852,0.0202302280813456,1
0.0234887823636794,0.0168894771486521,1
0.0190566052197034,0.00832573603838682,1
0.0144924464647061,0.029197096824646,1
0.0176715179005808,0.0133290020748973,1
0.018116609326023,0.0261360052973032,1
0.0143797892518608,0.00846316013485193,0
0.0147783180055866,0.00899537559598684,0
0.0147411754366705,0.00482210051268339,0
0.00938783517093668,0.0277053024619818,1
0.00565684265912972,0.0125982007011771,1
0.00702701445609252,0.0359699837863445,1
0.0206060457529181,0.00316251115873456,0
0.0103893356466026,0.042241595685482,1
0.0119375451830021,-0.00103713036514819,0
0.00910248203002768,0.0366502068936825,1
0.0179027211198283,0.019348306581378,1
0.0223234784419514,0.0124762328341603,1
0.0222647660478239,0.033414002507925,1
0.0224415085845446,0.043057918548584,1
0.0150479822740157,0.0108350096270442,1
0.0140863557752714,0.00163805054035038,0
0.0138570044358741,0.00351771828718483,0
0.0139997541823471,0.000153470784425736,1
0.0128620786130649,0.0308288242667913,1
0.0117135127180596,0.0063307243399322,0
0.0085825729987998,0.00617299554869533,0
0.0160749038729992,0.0308306757360697,0
0.00179788329983927,0.0213505160063505,1
0.0187477801936271,0.0164830610156059,0
0.0105308128931615,0.0305917393416166,1
0.0134556844272967,0.0304113682359457,1
0.0135968926351135,0.0270669069141149,1
0.0172499317637378,0.0128772761672735,1
0.0207435470516629,0.0396271832287312,1
0.0215422597408121,0.0419217832386494,1
0.0188872612154716,0.0329399332404137,1
0.0144263425389111,0.00107824092265218,0
0.0154538196647237,0.000514627026859671,0
0.0114110700737608,0.0294041242450476,1
0.0118226931484927,0.00342460651881993,0
0.0129592388521191,0.0322242937982082,1
0.0156893473971223,0.0287144891917706,1
0.00652923260256695,0.0100531810894608,1
0.01930487778617,0.00280093308538199,0
0.00700403485533671,0.0403550378978252,1
0.0161852094238977,-0.00731235975399613,0
0.0123223288287102,-0.0109900468960404,0
0.0116746852294914,0.0354424379765987,1
0.0122894495801594,0.0398779436945915,1
0.0191838197729097,0.00714750541374087,0
0.012138227034825,0.0274579077959061,1
0.0193625953780097,0.00793477799743414,0
0.0208316001471649,0.0125298844650388,1
0.0138035330886863,0.0246617253869772,1
0.0181228561636451,0.0233835149556398,1
0.0177580473983974,0.022412970662117,1
0.0189759089130075,0.0251616258174181,1
0.0150979552592484,0.0168135482817888,1
0.0200325798903117,0.0123853338882327,1
0.0207279485314646,0.0249162446707487,1
0.0169422496180104,0.0308004412800074,1
0.00426674620069417,0.0301457475870848,1
0.0180589391482386,-0.00686319498345256,0
0.0110826472093235,0.0460739731788635,1
0.0122017338719808,0.0427325032651424,1
0.0131877416332475,0.0367283783853054,1
0.0125681322906578,0.0291816238313913,1
0.00992513687090432,0.0427187085151672,1
0.0157349379500083,0.0209199320524931,1
0.0181804182673313,0.00312088476493955,1
0.0191174249594708,0.000835225859191269,0
0.0130221634543482,0.0338001698255539,1
0.0210943124508526,0.0130966184660792,1
0.0207479743530453,0.0182090755552053,1
0.0155760618413982,0.033271461725235,1
0.0164423387355477,0.020145608112216,1
0.0133396143374379,0.0153863979503512,1
0.0134557245694753,0.0306079182773829,1
0.0192813014924999,0.0144204199314117,0
0.0166667695107158,-0.00426271464675665,0
0.0124460015193617,-0.0123613113537431,0
0.0146505272473821,0.0433437526226044,1
0.0147624536756871,0.0132076255977154,0
0.0119292986531689,0.0402755625545978,1
0.020717154811465,0.00437601143494248,0
0.0185680670601107,0.0435488633811474,1
0.0166841003310536,0.0267745442688465,1
0.0138943064415128,0.0264420807361603,1
0.0187713095859656,0.0154378460720181,1
0.0201748624658816,0.0311044342815876,1
0.011948099273305,0.0107406005263329,0
0.0116544723195902,0.00579882692545652,0
0.0166159867323545,0.0307320617139339,1
0.0117014171157796,0.00535910855978727,0
0.0144324379044574,0.0302275884896517,1
0.00622958561102798,0.034075815230608,1
0.00981645485439176,-0.0119631588459015,0
0.0136073218232292,0.0472970642149448,1
0.0122754757521255,-0.00379079906269908,0
0.0145812542548218,0.034361619502306,1
0.0156902130894803,0.0258286092430353,1
0.0131494774414373,0.0390646755695343,1
0.0175771007534452,0.0283819735050201,1
0.0175619607214935,0.0278006587177515,1
0.0157414149855146,0.0380097031593323,1
0.0159268726945245,0.0386054739356041,1
0.0159045113988308,0.0360480286180973,1
0.0166348163277963,0.0318782106041908,1
0.0216286829187981,0.0335014164447784,1
0.017821101713282,0.0312545150518417,1
0.0115308448129433,0.00443428102880716,0
0.0167541648522137,0.0311343874782324,1
0.0196993112073522,0.0169281363487244,1
0.00705608159120391,0.020941874012351,1
0.0102562945089243,0.0428460463881493,1
0.0130646223477043,0.0440612584352493,1
0.0167393710715646,0.0402278564870358,1
0.0164896730409077,0.021077286452055,0
0.0182484499110378,0.0171578321605921,1
0.0181672500038173,0.00228613731451333,1
0.0202953535085747,-0.00276805809698999,0
0.0148799574126599,0.0316339060664177,1
0.0211505287644365,0.000925909727811813,0
0.0215535730425413,0.0110777029767633,0
0.0166016298528656,0.0384954586625099,1
0.014328407388911,0.036983247846365,1
0.0196315559492223,0.0289238076657057,1
0.0114520809578808,0.032338585704565,1
0.0171388382182083,0.0363485850393772,1
0.0104825773196704,0.0209478195756674,1
0.00973122629233743,0.0107810171321034,0
0.0190622016464039,0.025102574378252,1
0.0134450098081692,0.00422330945730209,0
0.00844402723982845,0.0179005563259125,1
0.00755684953986546,0.0309170801192522,1
0.0170792347552046,0.0309154912829399,1
0.0211529848014166,-0.000145567566505633,0
0.0144483570578207,0.0306787770241499,1
0.0216630747122397,0.0104570602998137,0
0.0130805716401739,0.0400822982192039,1
0.0160974744706387,0.0367366150021553,1
0.00900416493779952,0.0149228507652879,1
0.0179239248115287,0.0318584740161896,1
0.00771102857717383,0.00987726356834173,1
0.0102974823307797,-0.00768005754798651,0
0.00362618235690978,0.000307308509945869,0
0.0167271789275735,0.0387377366423607,1
0.0158046791015665,0.00721950409933925,0
0.019903677611704,0.0257557705044746,1
0.0187590824032731,0.00784766115248203,1
0.0202093973235513,0.0280816946178675,1
0.0208461667796892,0.0307821128517389,1
0.0248024511226252,0.0289422497153282,1
0.02339210472449,0.0180049985647202,1
0.0134005714525497,0.0387766622006893,1
0.00991440240828492,0.0281680971384048,1
0.0176879407188789,0.0364501066505909,1
0.0087804507866797,0.0227652341127396,1
0.0144561761579872,0.0330108813941479,1
0.00855782724474267,0.0179934035986662,1
0.0193032955253294,0.0316183008253574,1
0.020766394558309,0.0302710924297571,1
0.00950380188206066,0.0133197829127312,1
0.00439143189383366,0.00430133007466793,0
0.0119503402341241,0.0377049148082733,1
0.0140913998632995,0.0382947325706482,1
0.00977881819642937,0.005615817848593,0
0.0191024217286208,0.0324437841773033,1
0.0210885706775943,0.0225797723978758,1
0.0208846704171967,0.0135597521439195,0
0.020971432747318,0.0266062617301941,1
0.0201207976223703,0.000587265065405518,0
0.0142849084161842,0.0383360050618649,1
0.0136019251231793,0.0402449853718281,1
0.0107761394234629,0.0347798615694046,1
0.00915822407163561,0.0212265402078629,1
0.0165382438935495,0.0324924141168594,1
0.00937821391095618,0.0108918203040958,0
0.0136428253083747,0.0154866380617022,1
0.010069804949493,0.0191798079758882,1
0.0121198711417936,0.0273584052920341,1
0.0169639658646848,0.0365749783813953,1
0.0182252028806682,0.016453830525279,0
0.022944757566382,0.0137258097529411,1
0.0228833258092071,0.0213773902505636,0
0.0243941571020411,0.0315231047570705,1
0.0244172583469643,0.0242634601891041,0
0.013152696424035,0.0387770012021065,1
0.0127477915347018,0.0334905385971069,1
0.0159873692937663,0.0342187844216824,1
0.00986515586988457,0.0253673661500215,1
0.0159084966955806,0.0265674162656069,1
0.0145335802183286,0.0303510092198849,1
0.00212912830438745,0.0130598535761237,1
0.0122652007065279,0.020742254331708,1
0.0201345920121493,0.0299398396164179,1
0.0206492015689101,0.0297875571995974,1
0.014281891872067,0.0348988957703114,1
0.0139096965451708,0.0353595688939094,1
0.00945579164610392,0.0292781740427017,1
0.0149184976398789,0.0362898670136929,1
0.0106752745754258,0.0278319958597422,1
0.00878612616536343,0.0268384795635939,1
0.0138555305003889,0.0342037081718445,1
0.00786896462289635,0.0162724740803242,1
0.0126333873059116,0.0249146986752748,1
0.00514908323244383,0.0115010822191834,1
0.00396128598535755,0.018036961555481,1
0.017917299874011,0.031364843249321,1
0.0203510279701671,0.0285712145268917,1
0.0130186873240671,0.0341641716659069,1
0.0188788543140563,0.0333899557590485,1
0.0215655154308177,0.0361104868352413,1
0.0260586943409183,0.0306057725101709,1
0.0268792006291537,0.034943800419569,1
0.026424358538675,0.0370243228971958,1
0.0139766509159053,0.0359009839594364,1
0.00821735355914042,0.0241225846111774,1
0.0147299122914866,0.0344186648726463,1
0.00907007424822268,0.0191388446837664,1
0.0131545633522376,0.0321365557610989,1
0.00888766423263684,0.0166338440030813,1
0.010627757498761,0.0201413705945015,1
0.0164744052413964,0.0258179679512978,1
0.00829885799883408,0.027815530076623,1
0.0144242447646575,0.0301768369972706,1
0.0181461743779159,0.0291980057954788,1
0.0171600683024764,0.039670005440712,1
0.022546346206191,0.0339624993503094,1
0.0244833401656036,0.0427945666015148,1
0.0247068303228695,0.0369448363780975,1
0.0115958473357139,0.0295407436788082,1
0.010034320989473,0.0271123182028532,1
0.016350508367488,0.0342875570058823,1
0.00929080800561299,0.0263731312006712,1
0.0151610707874281,0.034395307302475,1
0.00920075181048952,0.0261707734316587,1
0.00956403756209926,0.022625645622611,1
0.0111072917807791,0.0264323130249977,1
0.0102175536518649,0.0242278967052698,1
0.0106340217363877,0.023765716701746,1
0.00763126715490915,0.0313038043677807,1
0.0196042140977626,0.0377789214253426,1
0.02101960682803,0.0448905900120735,1
0.0206224837369974,0.0421037226915359,1
0.0239257694675746,0.0432294048368931,1
0.0118725939298672,0.0245991963893175,1
0.016438892486185,0.0340100638568401,1
0.012166418432953,0.0240156073123217,1
0.0149759863654855,0.0320628508925438,1
0.0113574342563371,0.0239829234778881,1
0.013141976430721,0.0324319079518318,1
0.010696314135334,0.0235423855483532,1
0.0100678650944683,0.0293559916317463,1
0.00839141077977146,0.022737056016922,1
0.00953205795864513,0.0252691749483347,1
0.00722650108094797,0.030618641525507,1
0.00815696827551014,0.0225031618028879,1
0.00918893800183694,0.0360276773571968,1
0.0134851473117166,0.031586579978466,1
0.0177387275020288,0.0391649715602398,1
0.0126438151201189,0.0391283556818962,1
0.0176044248254663,0.043465506285429,1
0.0143996283664843,0.0399908572435379,1
0.0190171610635725,0.0421479381620884,1
0.0165431482353681,0.0304300393909216,1
0.0121225058946713,0.0260781422257423,1
0.0135426716379292,0.022537961602211,1
0.0140260703900542,0.0250260885804892,1
0.0143170836863571,0.0272794626653194,1
0.010938296275126,0.0221640225499868,1
0.0119864679495252,0.029333071783185,1
0.011520524041844,0.0286978799849749,1
0.0103244676217115,0.0226028747856617,1
0.00839787721097243,0.0307779032737017,1
0.013723842759787,0.0363732613623142,1
0.0112836866744566,0.0330682881176472,1
0.0129459097843855,0.0367737114429474,1
0.0128969154303255,0.0225898008793592,1
0.0125675646574664,0.022148484364152,1
0.0120844801873418,0.026807764545083,1
0.0119067023347487,0.0251886565238237,1
0.0111780244856836,0.0276934448629618,1
